Adverse_Event,Common_Toxicity_Grade,Action_Required,Dose_Reduction_Level,Corticosteroid_Regimen
Infusion_Related_Reaction,Grade_1_or_2,Slow_infusion_rate_by_50_percent,No_reduction,Diphenhydramine_25mg_IV
Infusion_Related_Reaction,Grade_3,Immediately_interrupt_infusion,Reduce_dose_to_6mg_per_kg,Hydrocortisone_100mg_IV
Infusion_Related_Reaction,Grade_4,Permanently_discontinue_TX-409,Discontinue,Epinephrine_0_3mg_IM_plus_Methylprednisolone_1mg_per_kg
Nausea_and_Vomiting,Grade_2,Supportive_antiemetic_therapy,Maintain_dose,Ondansetron_8mg_TID_plus_Dexamethasone_4mg
Nausea_and_Vomiting,Grade_3,Withhold_until_Grade_1,Reduce_dose_to_6mg_per_kg,Aprepitant_125mg_plus_Dexamethasone_8mg
Neutropenia,Grade_3,Withhold_dose_until_ANC_above_1500,Reduce_to_6mg_per_kg,G-CSF_Filgrastim_5mcg_per_kg_daily
Neutropenia,Grade_4,Withhold_dose_until_ANC_above_1500,Reduce_to_4_5mg_per_kg,G-CSF_Pegfilgrastim_6mg_single_dose
Gastric_Hemorrhage,Grade_2,Withhold_until_resolved_and_endoscopy_clear,Reduce_to_6mg_per_kg,None_contraindicated
Gastric_Hemorrhage,Grade_3_or_4,Permanently_discontinue_TX-409,Discontinue,Emergent_endoscopic_hemostasis
